MJ-VQP-UDS-GEBR-JL,MJ-VQP-UDS-GEBR
MJ-VQP-UDS-LMOL,MJ-VQP-UDS
MJ-VQP-UDS-LMOL-SZJ,MJ-VQP-UDS-LMOL
MJ-VQP-UDS-LMOL-EE,MJ-VQP-UDS-LMOL
MJ-VQP-UDS-DRE,MJ-VQP-UDS
MJ-VQP-UDS-DRE-NB,MJ-VQP-UDS-DRE
MJ-VQP-UMN,MJ-VDZ
MJ-VQP-UMN-ZPH,MJ-VQP-UMN
MJ-VQP-UMN-ZPH-ZV,MJ-VQP-UMN-ZPH
MJ-VQP-UMN-ZPH-FZ,MJ-VQP-UMN-ZPH
MJ-VQP-UMN-ZPH-XH,MJ-VQP-UMN-ZPH
MJ-VQP-UMN-ZPH-DA,MJ-VQP-UMN-ZPH
MJ-CHP,MJ
MJ-CHP-KYU,MJ-CHP
MJ-CHP-KYU-IMN,MJ-CHP-KYU
MJ-CHP-KYU-CIMK,MJ-CHP-KYU
MJ-CHP-KYU-CIMK-YB,MJ-CHP-KYU-CIMK
MJ-CHP-KYU-CIMK-YB-TNO,MJ-CHP-KYU-CIMK-YB
MJ-CHP-KYU-CIMK-YB-TNO-DX,MJ-CHP-KYU-CIMK-YB-TNO
MJ-CHP-KYU-CIMK-YB-TNO-DX-XMTU,MJ-CHP-KYU-CIMK-YB-TNO-DX
MJ-CHP-KYU-CIMK-YB-TNO-DX-RQXC,MJ-CHP-KYU-CIMK-YB-TNO-DX
MJ-CHP-KYU-CIMK-YB-TNO-DX-DHNR,MJ-CHP-KYU-CIMK-YB-TNO-DX
MJ-CHP-KYU-CIMK-YB-TNO-DX-XNOB,MJ-CHP-KYU-CIMK-YB-TNO-DX
MJ-CHP-KYU-CIMK-YB-TNO-DX-IUKK,MJ-CHP-KYU-CIMK-YB-TNO-DX
MJ-CHP-KYU-CIMK-YB-PIH,MJ-CHP-KYU-CIMK-YB
MJ-CHP-KYU-CIMK-YB-PIH-YL,MJ-CHP-KYU-CIMK-YB-PIH
MJ-CHP-KYU-CIMK-YB-PIH-YL-ORRM,MJ-CHP-KYU-CIMK-YB-PIH-YL
MJ-CHP-KYU-CIMK-YB-PIH-HV,MJ-CHP-KYU-CIMK-YB-PIH
MJ-CHP-KYU-CIMK-YB-PIH-HV-SRVD,MJ-CHP-KYU-CIMK-YB-PIH-HV
MJ-CHP-KYU-CIMK-YB-PIH-RH,MJ-CHP-KYU-CIMK-YB-PIH
MJ-CHP-KYU-CIMK-YB-PIH-RH-AWNK,MJ-CHP-KYU-CIMK-YB-PIH-RH
MJ-CHP-KYU-CIMK-YB-PIH-RH-LMWG,MJ-CHP-KYU-CIMK-YB-PIH-RH
MJ-CHP-KYU-CIMK-YB-PIH-RH-GIVB,MJ-CHP-KYU-CIMK-YB-PIH-RH
MJ-CHP-KYU-CIMK-YB-PIH-UN,MJ-CHP-KYU-CIMK-YB-PIH
MJ-CHP-KYU-CIMK-YB-PIH-UN-LSAN,MJ-CHP-KYU-CIMK-YB-PIH-UN
MJ-CHP-KYU-CIMK-YB-LWO,MJ-CHP-KYU-CIMK-YB
MJ-CHP-KYU-CIMK-YB-LWO-TE,MJ-CHP-KYU-CIMK-YB-LWO
MJ-CHP-KYU-CIMK-YB-LWO-TE-REGS,MJ-CHP-KYU-CIMK-YB-LWO-TE
MJ-CHP-KYU-CIMK-YB-LWO-XS,MJ-CHP-KYU-CIMK-YB-LWO
MJ-CHP-KYU-CIMK-YB-LWO-XS-QRDJ,MJ-CHP-KYU-CIMK-YB-LWO-XS
MJ-CHP-KYU-CIMK-YB-LWO-FM,MJ-CHP-KYU-CIMK-YB-LWO
MJ-CHP-KYU-CIMK-YB-LWO-FM-QPAM,MJ-CHP-KYU-CIMK-YB-LWO-FM
MJ-CHP-KYU-CIMK-YB-LWO-FM-SESN,MJ-CHP-KYU-CIMK-YB-LWO-FM
MJ-CHP-KYU-CIMK-YB-LWO-FM-OXCM,MJ-CHP-KYU-CIMK-YB-LWO-FM
MJ-CHP-KYU-CIMK-YB-LWO-EH,MJ-CHP-KYU-CIMK-YB-LWO
MJ-CHP-KYU-CIMK-YB-LWO-EH-HJAL,MJ-CHP-KYU-CIMK-YB-LWO-EH
MJ-CHP-KYU-CIMK-YB-LWO-EH-HKSV,MJ-CHP-KYU-CIMK-YB-LWO-EH
MJ-CHP-KYU-CIMK-YB-LWO-EH-XJYS,MJ-CHP-KYU-CIMK-YB-LWO-EH
MJ-CHP-KYU-CIMK-YB-JPM,MJ-CHP-KYU-CIMK-YB
MJ-CHP-KYU-CIMK-YB-JPM-TV,MJ-CHP-KYU-CIMK-YB-JPM
MJ-CHP-KYU-CIMK-YB-JPM-TV-CSJY,MJ-CHP-KYU-CIMK-YB-JPM-TV
MJ-CHP-KYU-CIMK-YB-JPM-XO,MJ-CHP-KYU-CIMK-YB-JPM
MJ-CHP-KYU-CIMK-YB-JPM-XO-IGNR,MJ-CHP-KYU-CIMK-YB-JPM-XO
MJ-CHP-KYU-CIMK-YB-JPM-EG,MJ-CHP-KYU-CIMK-YB-JPM
MJ-CHP-KYU-CIMK-YB-JPM-EG-SRPD,MJ-CHP-KYU-CIMK-YB-JPM-EG
MJ-CHP-KYU-CIMK-JE,MJ-CHP-KYU-CIMK
MJ-CHP-KYU-CIMK-JE-ACX,MJ-CHP-KYU-CIMK-JE
MJ-CHP-KYU-CIMK-JE-ACX-DW,MJ-CHP-KYU-CIMK-JE-ACX
MJ-CHP-KYU-CIMK-JE-ACX-DW-SLPI,MJ-CHP-KYU-CIMK-JE-ACX-DW
MJ-CHP-KYU-CIMK-JE-ACX-DW-XBNG,MJ-CHP-KYU-CIMK-JE-ACX-DW
MJ-CHP-KYU-CIMK-JE-ACX-DW-NZGV,MJ-CHP-KYU-CIMK-JE-ACX-DW
MJ-CHP-KYU-CIMK-JE-ACX-DW-INLT,MJ-CHP-KYU-CIMK-JE-ACX-DW
MJ-CHP-KYU-CIMK-JE-DAM,MJ-CHP-KYU-CIMK-JE
MJ-CHP-KYU-CIMK-JE-DAM-GV,MJ-CHP-KYU-CIMK-JE-DAM
MJ-CHP-KYU-CIMK-JE-DAM-GV-MFJO,MJ-CHP-KYU-CIMK-JE-DAM-GV
MJ-CHP-KYU-CIMK-JE-DAM-YE,MJ-CHP-KYU-CIMK-JE-DAM
MJ-CHP-KYU-CIMK-JE-DAM-YE-RXPJ,MJ-CHP-KYU-CIMK-JE-DAM-YE
MJ-CHP-KYU-CIMK-JE-DAM-YE-ZOCL,MJ-CHP-KYU-CIMK-JE-DAM-YE
MJ-CHP-KYU-CIMK-JE-AEG,MJ-CHP-KYU-CIMK-JE
MJ-CHP-KYU-CIMK-JE-AEG-DH,MJ-CHP-KYU-CIMK-JE-AEG
MJ-CHP-KYU-CIMK-JE-AEG-DH-PYBM,MJ-CHP-KYU-CIMK-JE-AEG-DH
MJ-CHP-KYU-CIMK-JE-AEG-VJ,MJ-CHP-KYU-CIMK-JE-AEG
MJ-CHP-KYU-CIMK-JE-AEG-VJ-FPXK,MJ-CHP-KYU-CIMK-JE-AEG-VJ
MJ-CHP-KYU-CIMK-JE-AEG-KA,MJ-CHP-KYU-CIMK-JE-AEG
MJ-CHP-KYU-CIMK-JE-AEG-KA-PWLZ,MJ-CHP-KYU-CIMK-JE-AEG-KA
MJ-CHP-KYU-CIMK-JE-AEG-KA-JEWF,MJ-CHP-KYU-CIMK-JE-AEG-KA
MJ-CHP-KYU-CIMK-JE-AEG-KA-OWAL,MJ-CHP-KYU-CIMK-JE-AEG-KA
MJ-CHP-KYU-CIMK-JE-AEG-VS,MJ-CHP-KYU-CIMK-JE-AEG
MJ-CHP-KYU-CIMK-JE-AEG-VS-SXVP,MJ-CHP-KYU-CIMK-JE-AEG-VS
MJ-CHP-KYU-CIMK-JE-QAO,MJ-CHP-KYU-CIMK-JE
MJ-CHP-KYU-CIMK-JE-QAO-JH,MJ-CHP-KYU-CIMK-JE-QAO
MJ-CHP-KYU-CIMK-JE-QAO-TK,MJ-CHP-KYU-CIMK-JE-QAO
MJ-CHP-KYU-CIMK-JE-BBV,MJ-CHP-KYU-CIMK-JE
MJ-CHP-KYU-CIMK-JE-BBV-FX,MJ-CHP-KYU-CIMK-JE-BBV
MJ-CHP-KYU-CIMK-JE-BBV-NN,MJ-CHP-KYU-CIMK-JE-BBV
MJ-CHP-KYU-CIMK-SR,MJ-CHP-KYU-CIMK
MJ-CHP-KYU-CIMK-SR-XMT,MJ-CHP-KYU-CIMK-SR
MJ-CHP-KYU-CIMK-SR-XMT-PO,MJ-CHP-KYU-CIMK-SR-XMT
MJ-CHP-KYU-CIMK-SR-XMT-PO-MAGD,MJ-CHP-KYU-CIMK-SR-XMT-PO
MJ-CHP-KYU-CIMK-SR-XMT-PO-POXP,MJ-CHP-KYU-CIMK-SR-XMT-PO
MJ-CHP-KYU-CIMK-SR-XMT-PO-DJEN,MJ-CHP-KYU-CIMK-SR-XMT-PO
MJ-CHP-KYU-CIMK-SR-XMT-PO-TQUN,MJ-CHP-KYU-CIMK-SR-XMT-PO
MJ-CHP-KYU-CIMK-SR-XMT-PO-EINJ,MJ-CHP-KYU-CIMK-SR-XMT-PO
MJ-CHP-KYU-CIMK-SR-XMT-PO-MMFF,MJ-CHP-KYU-CIMK-SR-XMT-PO
MJ-CHP-KYU-CIMK-SR-XMT-PO-EBFX,MJ-CHP-KYU-CIMK-SR-XMT-PO
MJ-CHP-KYU-CIMK-SR-XMT-PO-TABT,MJ-CHP-KYU-CIMK-SR-XMT-PO
MJ-CHP-KYU-CIMK-SR-XMT-PO-JFKD,MJ-CHP-KYU-CIMK-SR-XMT-PO
MJ-CHP-KYU-CIMK-SR-RDM,MJ-CHP-KYU-CIMK-SR
MJ-CHP-KYU-CIMK-SR-RDM-KC,MJ-CHP-KYU-CIMK-SR-RDM
MJ-CHP-KYU-CIMK-SR-RDM-KC-SBYC,MJ-CHP-KYU-CIMK-SR-RDM-KC
MJ-CHP-KYU-CIMK-SR-RDM-WL,MJ-CHP-KYU-CIMK-SR-RDM
MJ-CHP-KYU-CIMK-SR-RDM-WL-KUNP,MJ-CHP-KYU-CIMK-SR-RDM-WL
MJ-CHP-KYU-CIMK-SR-RDM-SO,MJ-CHP-KYU-CIMK-SR-RDM
MJ-CHP-KYU-CIMK-SR-RDM-SO-GDOH,MJ-CHP-KYU-CIMK-SR-RDM-SO
MJ-CHP-KYU-CIMK-SR-RDM-SO-LWXT,MJ-CHP-KYU-CIMK-SR-RDM-SO
MJ-CHP-KYU-CIMK-SR-RDM-SO-OSFK,MJ-CHP-KYU-CIMK-SR-RDM-SO
MJ-CHP-KYU-CIMK-SR-RDM-DN,MJ-CHP-KYU-CIMK-SR-RDM
MJ-CHP-KYU-CIMK-SR-RDM-DN-HTCL,MJ-CHP-KYU-CIMK-SR-RDM-DN
MJ-CHP-KYU-CIMK-SR-KCV,MJ-CHP-KYU-CIMK-SR
MJ-CHP-KYU-CIMK-SR-KCV-CS,MJ-CHP-KYU-CIMK-SR-KCV
MJ-CHP-KYU-CIMK-SR-KCV-CS-CCQK,MJ-CHP-KYU-CIMK-SR-KCV-CS
MJ-CHP-KYU-CIMK-SR-KCV-FR,MJ-CHP-KYU-CIMK-SR-KCV
MJ-CHP-KYU-CIMK-SR-KCV-FR-HOCD,MJ-CHP-KYU-CIMK-SR-KCV-FR
MJ-CHP-KYU-CIMK-SR-KCV-FR-LTCN,MJ-CHP-KYU-CIMK-SR-KCV-FR
MJ-CHP-KYU-CIMK-SR-KCV-QH,MJ-CHP-KYU-CIMK-SR-KCV
MJ-CHP-KYU-CIMK-SR-KCV-QH-JPZW,MJ-CHP-KYU-CIMK-SR-KCV-QH
MJ-CHP-KYU-CIMK-SR-KCV-QH-NXDQ,MJ-CHP-KYU-CIMK-SR-KCV-QH
MJ-CHP-KYU-CIMK-SR-TLN,MJ-CHP-KYU-CIMK-SR
MJ-CHP-KYU-CIMK-SR-TLN-YM,MJ-CHP-KYU-CIMK-SR-TLN
MJ-CHP-KYU-CIMK-SR-TLN-YM-VPET,MJ-CHP-KYU-CIMK-SR-TLN-YM
MJ-CHP-KYU-CIMK-SR-TLN-UZ,MJ-CHP-KYU-CIMK-SR-TLN
MJ-CHP-KYU-CIMK-SR-TLN-UZ-RZSI,MJ-CHP-KYU-CIMK-SR-TLN-UZ
MJ-CHP-KYU-CIMK-SR-TLN-UZ-RXOQ,MJ-CHP-KYU-CIMK-SR-TLN-UZ
MJ-CHP-KYU-CIMK-SR-TLN-JF,MJ-CHP-KYU-CIMK-SR-TLN
MJ-CHP-KYU-CIMK-SR-TLN-JF-XUKM,MJ-CHP-KYU-CIMK-SR-TLN-JF
MJ-CHP-KYU-CIMK-SR-TLN-JF-LCAO,MJ-CHP-KYU-CIMK-SR-TLN-JF
MJ-CHP-KYU-CIMK-SR-PZL,MJ-CHP-KYU-CIMK-SR
MJ-CHP-KYU-CIMK-SR-PZL-KN,MJ-CHP-KYU-CIMK-SR-PZL
MJ-CHP-KYU-CIMK-SR-PZL-KN-EFXH,MJ-CHP-KYU-CIMK-SR-PZL-KN
MJ-CHP-KYU-CIMK-SR-PZL-DO,MJ-CHP-KYU-CIMK-SR-PZL
MJ-CHP-KYU-CIMK-SR-PZL-DO-DNSM,MJ-CHP-KYU-CIMK-SR-PZL-DO
MJ-CHP-KYU-CIMK-SR-PZL-RE,MJ-CHP-KYU-CIMK-SR-PZL
MJ-CHP-KYU-CIMK-SR-PZL-RE-DSIH,MJ-CHP-KYU-CIMK-SR-PZL-RE
MJ-CHP-KYU-CIMK-SR-PZL-RE-TOYC,MJ-CHP-KYU-CIMK-SR-PZL-RE
MJ-CHP-KYU-CIMK-SR-PZL-RE-XUGI,MJ-CHP-KYU-CIMK-SR-PZL-RE
MJ-CHP-KYU-CIMK-SR-PZL-JP,MJ-CHP-KYU-CIMK-SR-PZL
MJ-CHP-KYU-CIMK-SR-PZL-JP-PNCZ,MJ-CHP-KYU-CIMK-SR-PZL-JP
MJ-CHP-KYU-CIMK-SR-RVE,MJ-CHP-KYU-CIMK-SR
MJ-CHP-KYU-CIMK-SR-RVE-JR,MJ-CHP-KYU-CIMK-SR-RVE
MJ-CHP-KYU-CIMK-SR-RVE-JR-YALP,MJ-CHP-KYU-CIMK-SR-RVE-JR
MJ-CHP-KYU-CIMK-SR-RVE-FZ,MJ-CHP-KYU-CIMK-SR-RVE
MJ-CHP-KYU-CIMK-SR-RVE-FZ-GJKX,MJ-CHP-KYU-CIMK-SR-RVE-FZ
MJ-CHP-KYU-CIMK-SR-RVE-JU,MJ-CHP-KYU-CIMK-SR-RVE
MJ-CHP-KYU-CIMK-SR-RVE-JU-EVNW,MJ-CHP-KYU-CIMK-SR-RVE-JU
MJ-CHP-KYU-CIMK-SR-RVE-JU-OIDL,MJ-CHP-KYU-CIMK-SR-RVE-JU
MJ-CHP-KYU-CIMK-SR-RVE-JU-TUUY,MJ-CHP-KYU-CIMK-SR-RVE-JU
MJ-CHP-KYU-CIMK-SR-RVE-GF,MJ-CHP-KYU-CIMK-SR-RVE
MJ-CHP-KYU-CIMK-SR-RVE-GF-FTSA,MJ-CHP-KYU-CIMK-SR-RVE-GF
MJ-CHP-KYU-CIMK-SR-RVE-GF-OQSD,MJ-CHP-KYU-CIMK-SR-RVE-GF
MJ-CHP-KYU-BITN,MJ-CHP-KYU
MJ-CHP-KYU-NFNJ,MJ-CHP-KYU
MJ-CHP-KYU-NFNJ-ZTF,MJ-CHP-KYU-NFNJ
MJ-CHP-KYU-NFNJ-XEQ,MJ-CHP-KYU-NFNJ
MJ-CHP-KYU-NFNJ-XE,MJ-CHP-KYU-NFNJ
MJ-CHP-KYU-KYFJ,MJ-CHP-KYU
MJ-CHP-CWK,MJ-CHP
MJ-CHP-CWK-YIC,MJ-CHP-CWK
MJ-CHP-CWK-WHV,MJ-CHP-CWK
MJ-CHP-CWK-GPM,MJ-CHP-CWK
MJ-CHP-CWK-GPM-NW,MJ-CHP-CWK-GPM
MJ-CHP-CWK-GPM-NW-YQH,MJ-CHP-CWK-GPM-NW
MJ-CHP-CWK-GPM-NW-YQH-GD,MJ-CHP-CWK-GPM-NW-YQH
MJ-CHP-CWK-GPM-NW-YQH-GD-NIQG,MJ-CHP-CWK-GPM-NW-YQH-GD
MJ-CHP-CWK-GPM-NW-ZBR,MJ-CHP-CWK-GPM-NW
MJ-CHP-CWK-GPM-NW-ZBR-BS,MJ-CHP-CWK-GPM-NW-ZBR
MJ-CHP-CWK-GPM-NW-ZBR-BS-NCKD,MJ-CHP-CWK-GPM-NW-ZBR-BS
MJ-CHP-CWK-GPM-NW-ZBR-BS-WQEY,MJ-CHP-CWK-GPM-NW-ZBR-BS
MJ-CHP-AMC,MJ-CHP
MJ-CHP-AMC-WKF,MJ-CHP-AMC
MJ-CHP-AMC-JQW,MJ-CHP-AMC
